<?xml version="1.0" encoding="UTF-8"?>
<project-private xmlns="http://www.netbeans.org/ns/project-private/1">
    <editor-bookmarks xmlns="http://www.netbeans.org/ns/editor-bookmarks/2" lastBookmarkId="0"/>
    <open-files xmlns="http://www.netbeans.org/ns/projectui-open-files/2">
        <group>
            <file>file:/C:/Users/erick/Documents/NetBeansProjects/Tarea3.3/src/tarea3/pkg3/Contacto.java</file>
            <file>file:/C:/Users/erick/Documents/NetBeansProjects/Tarea3.3/src/tarea3/pkg3/Tarea33.java</file>
            <file>file:/C:/Users/erick/Documents/NetBeansProjects/Tarea3.3/src/tarea3/pkg3/Nodo.java</file>
        </group>
    </open-files>
</project-private>
